{
  "timestamp": "2025-10-12T20:49:33.714423",
  "measurements": {
    "planck": {
      "H0": 67.4,
      "u": 0.5,
      "source": "published"
    },
    "shoes": {
      "H0": 71.6856224622651,
      "u": 4.9770244527200385,
      "source": "empirical"
    }
  },
  "tensors": {
    "planck": [
      0.9925816023738873,
      0.95,
      0.0,
      -0.5
    ],
    "shoes": [
      0.9305715109701402,
      0.05,
      -0.05,
      0.5
    ]
  },
  "epistemic_distance": {
    "original": 1.076,
    "empirical": 1.3477185356875896
  },
  "resolution": {
    "original": {
      "gap": 0.04979999999999052,
      "pct": 99.07777777777795
    },
    "empirical": {
      "gap": 0.0,
      "pct": 100.0
    }
  }
}