{
  "timestamp": "2025-10-30T13:01:07.500878",
  "convergence_achieved": true,
  "resolution_results": {
    "8": {
      "planck_tensor": [
        0.29628332097841514,
        0.0009082652134423249,
        0.3120087634231763,
        -0.0011979992730917007
      ],
      "shoes_tensor": [
        0.3418103205303673,
        0.9900990099009903,
        0.3023356927778122,
        -0.0325044997931791
      ],
      "delta_t": 0.9907798455430115
    },
    "12": {
      "planck_tensor": [
        0.2962833605589439,
        0.0009082652134423249,
        0.3120087634231763,
        -0.0011979992730917007
      ],
      "shoes_tensor": [
        0.3418103719932477,
        0.9900990099009903,
        0.3023356927778122,
        -0.0325044997931791
      ],
      "delta_t": 0.9907798460890136
    },
    "16": {
      "planck_tensor": [
        0.29628336057162596,
        0.0009082652134423249,
        0.3120087634231763,
        -0.0011979992730917007
      ],
      "shoes_tensor": [
        0.34181037200290376,
        0.9900990099009903,
        0.3023356927778122,
        -0.0325044997931791
      ],
      "delta_t": 0.9907798460888745
    },
    "21": {
      "planck_tensor": [
        0.2962833605716282,
        0.0009082652134423249,
        0.3120087634231763,
        -0.0011979992730917007
      ],
      "shoes_tensor": [
        0.34181037200290687,
        0.9900990099009903,
        0.3023356927778122,
        -0.0325044997931791
      ],
      "delta_t": 0.9907798460888746
    },
    "24": {
      "planck_tensor": [
        0.29628336057162796,
        0.0009082652134423249,
        0.3120087634231763,
        -0.0011979992730917007
      ],
      "shoes_tensor": [
        0.3418103720029072,
        0.9900990099009903,
        0.3023356927778122,
        -0.0325044997931791
      ],
      "delta_t": 0.9907798460888746
    },
    "28": {
      "planck_tensor": [
        0.29628336057162796,
        0.0009082652134423249,
        0.3120087634231763,
        -0.0011979992730917007
      ],
      "shoes_tensor": [
        0.3418103720029072,
        0.9900990099009903,
        0.3023356927778122,
        -0.0325044997931791
      ],
      "delta_t": 0.9907798460888746
    },
    "32": {
      "planck_tensor": [
        0.29628336057162796,
        0.0009082652134423249,
        0.3120087634231763,
        -0.0011979992730917007
      ],
      "shoes_tensor": [
        0.3418103720029072,
        0.9900990099009903,
        0.3023356927778122,
        -0.0325044997931791
      ],
      "delta_t": 0.9907798460888746
    }
  },
  "final_merge": {
    "h0_merged": 70.21307722219292,
    "u_merged": 3.5330747062963246,
    "h0_1": 67.40675959314686,
    "std1": 0.5053698180612382,
    "h0_2": 73.01939485123899,
    "std2": 0.9998936973659035,
    "gap": 5.612635258092126,
    "tension_sigma": 5.009712079634124,
    "delta_t_used": 0.9907798460888746
  },
  "config": {
    "random_seed": 20251030,
    "n_samples": 10000,
    "resolution_schedule": [
      8,
      12,
      16,
      21,
      24,
      28,
      32
    ],
    "learning_rate": 0.15,
    "version": "2.0-multiresolution"
  }
}