{
  "n_measurements": 210,
  "total_variance": 986.0311,
  "eigenvalues": [
    486.8039855392392,
    94.61320212542921,
    75.47502734177392,
    65.91204093506842,
    50.137111908081025,
    40.273774660223815,
    36.82236390549453,
    33.97407739033579,
    31.07488413028968,
    7.045380766627497,
    4.683979385027413,
    3.1796676680494427,
    2.9071060489911513,
    2.741204980146848,
    2.1035512441788367,
    1.7567999886423826,
    1.4176984130709227,
    0.5758488037532276,
    0.5721923472010126,
    0.5563665785381676
  ],
  "variance_explained": [
    0.49370043758177523,
    0.09595356792035181,
    0.07654426654673865,
    0.06684580327645691,
    0.050847394071121106,
    0.04084432495103229,
    0.03734401876928073,
    0.034455381164281526,
    0.03151511562899961,
    0.00714519122837758,
    0.004750336358586877,
    0.0032247133665960865,
    0.002948290423082143,
    0.002780039067882187,
    0.0021333518224514792,
    0.0017816882131226719,
    0.0014377826552031904,
    0.0005840067354399141,
    0.0005802984786189934,
    0.0005642485095431245
  ],
  "cumulative_variance": [
    0.49370043758177523,
    0.5896540055021271,
    0.6661982720488657,
    0.7330440753253227,
    0.7838914693964438,
    0.8247357943474761,
    0.8620798131167569,
    0.8965351942810383,
    0.9280503099100379,
    0.9351955011384154,
    0.9399458374970023,
    0.9431705508635985,
    0.9461188412866806,
    0.9488988803545627,
    0.9510322321770142,
    0.9528139203901368,
    0.95425170304534,
    0.9548357097807799,
    0.9554160082593989,
    0.955980256768942
  ],
  "top_mode_variance_pct": 49.37004375817752,
  "top3_variance_pct": 66.61982720488658,
  "top5_variance_pct": 78.38914693964438,
  "top10_variance_pct": 93.51955011384155
}