{
  "systematic_grid": {
    "file": "J_ApJ_826_56_table3.csv",
    "rows": 210,
    "columns": 24,
    "column_names": [
      "chi2",
      "H0",
      "e_H0",
      "Anc",
      "Brk",
      "Clp",
      "Clt",
      "Opt",
      "PL",
      "R",
      "RV",
      "N",
      "Zs",
      "gamma",
      "e_gamma",
      "b",
      "e_b",
      "bl",
      "e_bl",
      "SN",
      "zm",
      "MX0",
      "aX",
      "Gal"
    ],
    "file_size_bytes": 21654
  },
  "anchor_statistics": {
    "All": {
      "count": 24,
      "mean_H0": 73.425,
      "std_H0": 0.8387242296090727,
      "median_H0": 73.33500000000001,
      "min_H0": 71.73,
      "max_H0": 75.3,
      "mean_uncertainty": 1.5845833333333335
    },
    "NML": {
      "count": 24,
      "mean_H0": 73.19125000000001,
      "std_H0": 0.7966299459807762,
      "median_H0": 73.125,
      "min_H0": 71.41,
      "max_H0": 74.89,
      "mean_uncertainty": 1.6541666666666668
    },
    "NM": {
      "count": 23,
      "mean_H0": 73.99869565217392,
      "std_H0": 0.8404776299835912,
      "median_H0": 73.92,
      "min_H0": 71.14,
      "max_H0": 75.5,
      "mean_uncertainty": 1.8204347826086953
    },
    "NL": {
      "count": 23,
      "mean_H0": 71.9095652173913,
      "std_H0": 0.6231580039770046,
      "median_H0": 71.75,
      "min_H0": 70.98,
      "max_H0": 73.53,
      "mean_uncertainty": 1.7521739130434781
    },
    "M+L": {
      "count": 23,
      "mean_H0": 74.24347826086957,
      "std_H0": 0.8699655600162397,
      "median_H0": 74.17,
      "min_H0": 72.47,
      "max_H0": 75.95,
      "mean_uncertainty": 1.9013043478260871
    },
    "N": {
      "count": 24,
      "mean_H0": 72.51041666666667,
      "std_H0": 0.8136874869314925,
      "median_H0": 72.59,
      "min_H0": 70.77,
      "max_H0": 74.16,
      "mean_uncertainty": 2.415
    },
    "M": {
      "count": 23,
      "mean_H0": 76.13130434782606,
      "std_H0": 0.9665146002983044,
      "median_H0": 76.04,
      "min_H0": 74.14,
      "max_H0": 77.7,
      "mean_uncertainty": 2.3069565217391306
    },
    "L": {
      "count": 23,
      "mean_H0": 72.29,
      "std_H0": 0.7853883005295526,
      "median_H0": 72.07,
      "min_H0": 70.74,
      "max_H0": 74.04,
      "mean_uncertainty": 2.6278260869565218
    },
    "A": {
      "count": 23,
      "mean_H0": 74.6704347826087,
      "std_H0": 1.543075636402746,
      "median_H0": 74.43,
      "min_H0": 71.63,
      "max_H0": 79.29,
      "mean_uncertainty": 2.9834782608695654
    }
  },
  "validation": {
    "passed": true,
    "cross_anchor_spread_km_s_Mpc": 3.620887681159388
  }
}